{
    "validacao_cruzada": {
        "rmse_medio": 0.5051272699965322,
        "rmse_desvio": 0.10405790442093876,
        "r2_medio": 0.7706208723991047,
        "r2_desvio": 0.07745316122114068,
        "n_splits": 5
    },
    "teste_holdout": {
        "MAE": 0.20907356222454568,
        "MSE": 0.11383716758636829,
        "RMSE": 0.33739764016123214,
        "R2": 0.8582071851461984
    }
}