Metrica,Valor
MAE,0.20907356222454568
MSE,0.11383716758636829
RMSE,0.33739764016123214
R2,0.8582071851461984
